"Day","Difference","type"
1,-0.801,"Historical"
2,-0.102,"Historical"
3,-0.119,"Historical"
4,-0.485,"Historical"
5,-0.351,"Historical"
6,-0.528,"Historical"
7,0.036,"Historical"
8,-0.276,"Historical"
9,-0.328,"Historical"
10,-0.325,"Historical"
11,-0.219,"Historical"
12,-0.417,"Historical"
13,-0.122,"Historical"
14,-0.265,"Historical"
15,-0.329,"Historical"
16,-0.431,"Historical"
17,-0.11,"Historical"
18,-0.216,"Historical"
19,-0.13,"Historical"
20,-0.247,"Historical"
21,-0.435,"Historical"
22,0.131,"Historical"
23,-0.327,"Historical"
24,-0.101,"Historical"
25,-0.29,"Historical"
26,-0.606,"Historical"
27,-0.599,"Historical"
28,-0.659,"Historical"
29,-0.199,"Historical"
30,0.039,"Historical"
31,0.059,"Historical"
32,-0.016,"Historical"
33,-0.251,"Historical"
34,-0.17,"Historical"
35,-0.287,"Historical"
36,-0.063,"Historical"
37,-0.366,"Historical"
38,-0.208,"Historical"
39,0.029,"Historical"
40,0.002,"Historical"
41,-0.096,"Historical"
42,-0.027,"Historical"
43,-0.041,"Historical"
44,-0.26,"Historical"
45,-0.287,"Historical"
46,-0.29,"Historical"
47,-0.647,"Historical"
48,-0.193,"Historical"
49,-0.22,"Historical"
50,-0.248,"Historical"
51,-0.214,"Historical"
52,0.065,"Historical"
53,0.106,"Historical"
54,-0.396,"Historical"
55,0.034,"Historical"
56,-0.004,"Historical"
57,-0.196,"Historical"
58,0.056,"Historical"
59,-0.091,"Historical"
60,-0.015,"Historical"
61,-0.377,"Historical"
62,-0.088,"Historical"
63,0.199,"Historical"
64,-0.175,"Historical"
65,-0.098,"Historical"
66,-0.075,"Historical"
67,0.12,"Historical"
68,-0.255,"Historical"
69,-0.378,"Historical"
70,0.676,"Historical"
71,0.307,"Historical"
72,-0.25,"Historical"
73,0.025,"Historical"
74,-0.103,"Historical"
75,0.322,"Historical"
76,0.321,"Historical"
77,0.02,"Historical"
78,0.467,"Historical"
79,-0.177,"Historical"
80,-0.453,"Historical"
81,-0.533,"Historical"
82,-0.372,"Historical"
83,-0.237,"Historical"
84,-0.189,"Historical"
85,-0.494,"Historical"
86,-0.438,"Historical"
87,-0.346,"Historical"
88,-0.531,"Historical"
89,-0.485,"Historical"
90,-0.329,"Historical"
91,-0.368,"Historical"
92,-0.579,"Historical"
93,-0.608,"Historical"
94,-0.301,"Historical"
95,-0.144,"Historical"
96,0.24,"Historical"
97,-0.147,"Historical"
98,-0.157,"Historical"
99,-0.312,"Historical"
100,-0.332,"Historical"
101,-0.162,"Historical"
102,-0.427,"Historical"
103,-0.242,"Historical"
104,-0.417,"Historical"
105,-0.666,"Historical"
106,-0.192,"Historical"
107,-0.114,"Historical"
108,-0.196,"Historical"
109,-0.295,"Historical"
110,-0.328,"Historical"
111,-0.533,"Historical"
112,-0.098,"Historical"
113,0.074,"Historical"
114,-0.026,"Historical"
115,-0.19,"Historical"
116,-0.231,"Historical"
117,-0.404,"Historical"
118,-0.377,"Historical"
119,-0.179,"Historical"
120,-0.146,"Historical"
121,-0.407,"Historical"
122,-0.311,"Historical"
123,-0.782,"Historical"
124,0.262,"Historical"
125,-0.08,"Historical"
126,-0.133,"Historical"
127,-0.22,"Historical"
128,-0.384,"Historical"
129,-0.339,"Historical"
130,-0.068,"Historical"
131,-0.463,"Historical"
132,-0.367,"Historical"
133,-0.97,"Historical"
134,-0.885,"Historical"
135,-0.528,"Historical"
136,-0.446,"Historical"
137,-0.183,"Historical"
138,-0.328,"Historical"
139,-0.312,"Historical"
140,-0.137,"Historical"
141,-0.471,"Historical"
142,-0.14,"Historical"
143,0.059,"Historical"
144,-0.468,"Historical"
145,-0.801,"Historical"
146,-0.803,"Historical"
147,-0.358,"Historical"
148,-0.552,"Historical"
149,-0.161,"Historical"
150,-0.329,"Historical"
151,-0.457,"Historical"
152,-0.299,"Historical"
153,-0.405,"Historical"
154,-0.518,"Historical"
155,-0.806,"Historical"
156,-0.59,"Historical"
157,-0.094,"Historical"
158,-0.332,"Historical"
159,-0.394,"Historical"
160,-0.223,"Historical"
161,-0.214,"Historical"
162,-0.374,"Historical"
163,-0.51,"Historical"
164,-0.387,"Historical"
165,-0.909,"Historical"
166,-0.331,"Historical"
167,-0.102,"Historical"
168,-0.553,"Historical"
169,-0.301,"Historical"
170,-0.313,"Historical"
171,-0.547,"Historical"
172,-0.017,"Historical"
173,-0.49,"Historical"
174,-0.123,"Historical"
175,-0.06,"Historical"
176,-0.288,"Historical"
177,-0.454,"Historical"
178,-0.213,"Historical"
179,-0.246,"Historical"
180,-0.581,"Historical"
181,0.197,"Historical"
182,-0.098,"Historical"
183,0.017,"Historical"
184,-0.387,"Historical"
185,-0.331,"Historical"
186,-0.206,"Historical"
187,-0.037,"Historical"
188,0.059,"Historical"
189,-0.127,"Historical"
190,-0.425,"Historical"
191,-0.073,"Historical"
192,-0.31,"Historical"
193,0.163,"Historical"
194,-0.094,"Historical"
195,-0.182,"Historical"
196,-0.297,"Historical"
197,-0.465,"Historical"
198,-0.37,"Historical"
199,-0.021,"Historical"
200,-0.206,"Historical"
201,-0.003,"Historical"
202,-0.368,"Historical"
203,0.137,"Historical"
204,-0.016,"Historical"
205,0.229,"Historical"
206,-0.713,"Historical"
207,-0.051,"Historical"
208,-0.225,"Historical"
209,-0.43,"Historical"
210,-0.049,"Historical"
211,-0.222,"Historical"
212,-0.081,"Historical"
213,-0.093,"Historical"
214,-0.086,"Historical"
215,0.118,"Historical"
216,0.024,"Historical"
217,-0.009,"Historical"
218,-0.408,"Historical"
219,-0.397,"Historical"
220,0.034,"Historical"
221,0.18,"Historical"
222,0.319,"Historical"
223,0.111,"Historical"
224,0.083,"Historical"
225,-0.201,"Historical"
226,0.133,"Historical"
227,-0.291,"Historical"
228,0.286,"Historical"
229,0.171,"Historical"
230,0.244,"Historical"
231,0.197,"Historical"
232,-0.342,"Historical"
233,-0.042,"Historical"
234,-0.035,"Historical"
235,-0.087,"Historical"
236,-0.199,"Historical"
237,-0.289,"Historical"
238,-0.159,"Historical"
239,0.12,"Historical"
240,-0.205,"Historical"
241,-0.441,"Historical"
242,-0.133,"Historical"
243,0.197,"Historical"
244,-0.005,"Historical"
245,-0.353,"Historical"
246,-0.031,"Historical"
247,0.057,"Historical"
248,-0.165,"Historical"
249,-0.188,"Historical"
250,-0.157,"Historical"
251,-0.369,"Historical"
252,-0.456,"Historical"
253,-0.26,"Historical"
254,-0.083,"Historical"
255,0.064,"Historical"
256,-0.105,"Historical"
257,-0.21,"Historical"
258,-0.012,"Historical"
259,-0.134,"Historical"
260,-0.065,"Historical"
261,-0.383,"Historical"
262,-0.395,"Historical"
263,-0.418,"Historical"
264,-0.237,"Historical"
265,-0.301,"Historical"
266,-0.389,"Historical"
267,-0.364,"Historical"
268,-0.227,"Historical"
269,0.204,"Historical"
270,-0.105,"Historical"
271,0.015,"Historical"
272,0.101,"Historical"
273,-0.164,"Historical"
274,-0.359,"Historical"
275,-0.665,"Historical"
276,-0.273,"Historical"
277,-0.259,"Historical"
278,0.092,"Historical"
279,-0.084,"Historical"
280,-0.386,"Historical"
281,-0.203,"Historical"
282,-0.32,"Historical"
283,-0.225,"Historical"
284,-0.117,"Historical"
285,-0.398,"Historical"
286,-0.206,"Historical"
287,-0.36,"Historical"
288,-0.196,"Historical"
289,-0.345,"Historical"
290,-0.422,"Historical"
291,-0.568,"Historical"
292,-0.435,"Historical"
293,-0.435,"Historical"
294,-0.507,"Historical"
295,-0.457,"Historical"
296,-0.125,"Historical"
297,-0.174,"Historical"
298,-0.011,"Historical"
299,-0.112,"Historical"
300,-0.055,"Historical"
301,-0.296,"Historical"
302,-0.238,"Historical"
303,-0.363,"Historical"
304,-0.303,"Historical"
305,-0.356,"Historical"
306,-0.285,"Historical"
307,-0.185,"Historical"
308,-0.197,"Historical"
309,-0.25,"Historical"
310,-0.037,"Historical"
311,-0.544,"Historical"
312,-0.365,"Historical"
313,-0.112,"Historical"
314,-0.401,"Historical"
315,-0.16,"Historical"
316,-0.358,"Historical"
317,-0.823,"Historical"
318,-0.234,"Historical"
319,-0.247,"Historical"
320,-0.361,"Historical"
321,-0.323,"Historical"
322,-0.138,"Historical"
323,-0.22,"Historical"
324,-0.583,"Historical"
325,-0.275,"Historical"
326,0.042,"Historical"
327,0.174,"Historical"
328,0.172,"Historical"
329,0.417,"Historical"
330,-0.081,"Historical"
331,0.218,"Historical"
332,0.11,"Historical"
333,0.208,"Historical"
334,0.118,"Historical"
335,0.183,"Historical"
336,0.095,"Historical"
337,0.033,"Historical"
338,0.611,"Historical"
339,1.037,"Historical"
340,0.616,"Historical"
341,0.218,"Historical"
342,0.07,"Historical"
343,0.201,"Historical"
344,0.199,"Historical"
345,0.03,"Historical"
346,0.142,"Historical"
347,0.239,"Historical"
348,0.117,"Historical"
349,0.176,"Historical"
350,-0.159,"Historical"
351,0.167,"Historical"
352,-0.142,"Historical"
353,-0.182,"Historical"
354,-0.224,"Historical"
355,-0.086,"Historical"
356,-0.358,"Historical"
357,-0.264,"Historical"
358,0.019,"Historical"
359,-0.186,"Historical"
360,-0.843,"Historical"
361,-0.434,"Historical"
362,-0.751,"Historical"
363,-0.449,"Historical"
364,-0.445,"Historical"
365,-0.079,"Historical"
366,-0.33,"Historical"
367,-0.291,"Historical"
368,-0.28,"Historical"
369,-0.382,"Historical"
370,-0.186,"Historical"
371,-0.197,"Historical"
372,-0.147,"Historical"
373,-0.365,"Historical"
374,0,"Historical"
375,-0.034,"Historical"
376,0.168,"Historical"
377,-0.053,"Historical"
378,-0.231,"Historical"
379,0.029,"Historical"
380,-0.057,"Historical"
381,-0.244,"Historical"
382,-0.172,"Historical"
383,-0.542,"Historical"
384,-0.15,"Historical"
385,0.233,"Historical"
386,-0.135,"Historical"
387,-0.471,"Historical"
388,-0.192,"Historical"
389,0.034,"Historical"
390,-0.288,"Historical"
391,-0.301,"Historical"
392,-0.304,"Historical"
393,-0.083,"Historical"
394,-0.182,"Historical"
395,-0.417,"Historical"
396,-0.46,"Historical"
397,-0.44,"Historical"
398,-0.378,"Historical"
399,0.085,"Historical"
400,-0.088,"Historical"
401,-0.19,"Historical"
402,-0.143,"Historical"
403,-0.223,"Historical"
404,-0.353,"Historical"
405,-0.304,"Historical"
406,-0.361,"Historical"
407,-0.57,"Historical"
408,-0.425,"Historical"
409,-0.246,"Historical"
410,-0.082,"Historical"
411,-0.694,"Historical"
412,-0.588,"Historical"
413,-0.562,"Historical"
414,-0.451,"Historical"
415,-0.451,"Historical"
416,-0.49,"Historical"
417,-0.525,"Historical"
418,-0.165,"Historical"
419,-0.59,"Historical"
420,-0.319,"Historical"
421,-0.513,"Historical"
422,-0.547,"Historical"
423,-0.561,"Historical"
424,-0.373,"Historical"
425,-0.424,"Historical"
426,-0.485,"Historical"
427,-0.301,"Historical"
428,-0.48,"Historical"
429,-0.343,"Historical"
430,-0.458,"Historical"
431,-0.404,"Historical"
432,-0.319,"Historical"
433,-0.523,"Historical"
434,-0.361,"Historical"
435,-0.353,"Historical"
436,-0.139,"Historical"
437,-0.219,"Historical"
438,-0.503,"Historical"
439,-0.331,"Historical"
440,-0.452,"Historical"
441,-0.528,"Historical"
442,-0.469,"Historical"
443,-0.725,"Historical"
444,-0.143,"Historical"
445,-0.767,"Historical"
446,-0.601,"Historical"
447,-0.261,"Historical"
448,-0.32,"Historical"
449,-0.418,"Historical"
450,-0.517,"Historical"
451,-0.271,"Historical"
452,-0.479,"Historical"
453,-0.393,"Historical"
454,-0.407,"Historical"
455,-0.262,"Historical"
456,-0.477,"Historical"
457,-0.195,"Historical"
458,-0.433,"Historical"
459,-0.19,"Historical"
460,-0.171,"Historical"
461,-0.17,"Historical"
462,-0.297,"Historical"
463,-0.181,"Historical"
464,-0.259,"Historical"
465,-0.226,"Historical"
466,-0.035,"Historical"
467,0.079,"Historical"
468,-0.184,"Historical"
469,0.058,"Historical"
470,0.418,"Historical"
471,0.239,"Historical"
472,0.327,"Historical"
473,0.045,"Historical"
474,-0.135,"Historical"
475,-0.13,"Historical"
476,-0.265,"Historical"
477,-0.305,"Historical"
478,-0.441,"Historical"
479,-0.46,"Historical"
480,0.014,"Historical"
481,-0.224,"Historical"
482,-0.2,"Historical"
483,-0.498,"Historical"
484,-0.099,"Historical"
485,-0.207,"Historical"
486,-0.444,"Historical"
487,-0.366,"Historical"
488,-0.332,"Historical"
489,-0.534,"Historical"
490,-0.243,"Historical"
491,-0.869,"Historical"
492,-0.341,"Historical"
493,-0.202,"Historical"
494,-0.767,"Historical"
495,-0.287,"Historical"
496,-0.299,"Historical"
497,-0.077,"Historical"
498,-0.371,"Historical"
499,-0.399,"Historical"
500,-0.29,"Historical"
501,-0.321,"Historical"
502,-0.34,"Historical"
503,-0.551,"Historical"
504,-0.079,"Historical"
505,-0.107,"Historical"
506,-0.141,"Historical"
507,-0.313,"Historical"
508,-0.334,"Historical"
509,-0.315,"Historical"
510,-0.338,"Historical"
511,-0.453,"Historical"
512,-0.418,"Historical"
513,-0.517,"Historical"
514,-0.149,"Historical"
515,-0.67,"Historical"
516,-0.453,"Historical"
517,-0.824,"Historical"
518,-0.776,"Historical"
519,-0.127,"Historical"
520,-0.08,"Historical"
521,-0.204,"Historical"
522,-0.173,"Historical"
523,-0.138,"Historical"
524,-0.266,"Historical"
525,-0.257,"Historical"
526,-0.035,"Historical"
527,-0.287,"Historical"
528,-0.401,"Historical"
529,-0.354,"Historical"
530,-0.151,"Historical"
531,-0.181,"Historical"
532,-0.217,"Historical"
533,-0.294,"Historical"
534,-0.627,"Historical"
535,-0.347,"Historical"
536,-0.235,"Historical"
537,-0.296,"Historical"
538,-0.249,"Historical"
539,-0.271,"Historical"
540,-0.185,"Historical"
541,-0.346,"Historical"
542,-0.523,"Historical"
543,-0.091,"Historical"
544,-0.065,"Historical"
545,-0.271,"Historical"
546,-0.277,"Historical"
547,-0.183,"Historical"
548,-0.197,"Historical"
549,-0.333,"Historical"
550,-0.16,"Historical"
551,-0.103,"Historical"
552,-0.105,"Historical"
553,-0.054,"Historical"
554,-0.095,"Historical"
555,-0.36,"Historical"
556,-0.274,"Historical"
557,-0.169,"Historical"
558,-0.135,"Historical"
559,-0.107,"Historical"
560,-0.107,"Historical"
561,-0.148,"Historical"
562,0.054,"Historical"
563,-0.122,"Historical"
564,0.082,"Historical"
565,-0.083,"Historical"
566,-0.196,"Historical"
567,-0.302,"Historical"
568,0.128,"Historical"
569,-0.058,"Historical"
570,-0.15,"Historical"
571,-0.056,"Historical"
572,-0.091,"Historical"
573,-0.048,"Historical"
574,-0.164,"Historical"
575,-0.156,"Historical"
576,-0.265,"Historical"
577,-0.036,"Historical"
578,-0.35,"Historical"
579,-0.758,"Historical"
580,-0.334,"Historical"
581,-0.436,"Historical"
582,-0.284,"Historical"
583,-0.309,"Historical"
584,-0.265,"Historical"
585,0.011,"Historical"
586,-0.264,"Historical"
587,-0.401,"Historical"
588,-0.328,"Historical"
589,-0.113,"Historical"
590,-0.212,"Historical"
591,-0.23,"Historical"
592,-0.096,"Historical"
593,-0.034,"Historical"
594,-0.419,"Historical"
595,-0.114,"Historical"
596,-0.04,"Historical"
597,-0.177,"Historical"
598,0.076,"Historical"
599,0.062,"Historical"
600,-0.104,"Historical"
601,-0.422,"Historical"
602,0.126,"Historical"
603,0.202,"Historical"
604,-0.205,"Historical"
605,-0.056,"Historical"
606,-0.263,"Historical"
607,-0.027,"Historical"
608,-0.054,"Historical"
609,-0.174,"Historical"
610,0.178,"Historical"
611,-0.162,"Historical"
612,0.05,"Historical"
613,-0.138,"Historical"
614,-0.191,"Historical"
615,0.028,"Historical"
616,0.093,"Historical"
617,-0.078,"Historical"
618,-0.24,"Historical"
619,-0.243,"Historical"
620,-0.164,"Historical"
621,-0.253,"Historical"
622,-0.34,"Historical"
623,-0.276,"Historical"
624,-0.148,"Historical"
625,-0.052,"Historical"
626,0.228,"Historical"
627,-0.251,"Historical"
628,-0.21,"Historical"
629,-0.354,"Historical"
630,-0.154,"Historical"
631,-0.244,"Historical"
632,-0.353,"Historical"
633,-0.181,"Historical"
634,-0.421,"Historical"
635,-0.546,"Historical"
636,-0.574,"Historical"
637,-0.047,"Historical"
638,0.019,"Historical"
639,-0.404,"Historical"
640,-0.571,"Historical"
641,-0.37,"Historical"
642,-0.356,"Historical"
643,-0.532,"Historical"
644,-0.662,"Historical"
645,-0.593,"Historical"
646,-0.422,"Historical"
647,-0.48,"Historical"
648,-0.636,"Historical"
649,-0.66,"Historical"
650,-0.672,"Historical"
651,-0.582,"Historical"
652,-0.623,"Historical"
653,-0.515,"Historical"
654,-0.396,"Historical"
655,-0.451,"Historical"
656,-0.546,"Historical"
657,-0.478,"Historical"
658,-0.527,"Historical"
659,-0.109,"Historical"
660,-0.132,"Historical"
661,-0.26,"Historical"
662,-0.629,"Historical"
663,-0.487,"Historical"
664,-0.439,"Historical"
665,-0.24,"Historical"
666,-0.273,"Historical"
667,-0.251,"Historical"
668,-0.332,"Historical"
669,-0.356,"Historical"
670,-0.311,"Historical"
671,-0.242,"Historical"
672,-0.184,"Historical"
673,-0.255,"Historical"
674,-0.4,"Historical"
675,-0.052,"Historical"
676,0.095,"Historical"
677,-0.14,"Historical"
678,-0.011,"Historical"
679,-0.208,"Historical"
680,-0.096,"Historical"
681,-0.212,"Historical"
682,-0.147,"Historical"
683,-0.423,"Historical"
684,0.143,"Historical"
685,-0.42,"Historical"
686,-0.493,"Historical"
687,-0.317,"Historical"
688,-0.288,"Historical"
689,-0.569,"Historical"
690,-0.503,"Historical"
691,-0.234,"Historical"
692,-0.426,"Historical"
693,-0.386,"Historical"
694,-0.063,"Historical"
695,-0.598,"Historical"
696,-0.527,"Historical"
697,-0.421,"Historical"
698,-0.386,"Historical"
699,-0.779,"Historical"
700,-0.505,"Historical"
701,-0.58,"Historical"
702,-0.304,"Historical"
703,-0.152,"Historical"
704,-0.576,"Historical"
705,-0.481,"Historical"
706,-0.358,"Historical"
707,-0.647,"Historical"
708,-0.591,"Historical"
709,-0.863,"Historical"
710,-0.519,"Historical"
711,-0.553,"Historical"
712,-0.572,"Historical"
713,-0.549,"Historical"
714,-0.424,"Historical"
715,-0.474,"Historical"
716,-0.357,"Historical"
717,-0.242,"Historical"
718,-0.265,"Historical"
719,-0.157,"Historical"
720,-0.287,"Historical"
721,-0.197,"Historical"
722,-0.335,"Historical"
723,-0.411,"Historical"
724,-0.31,"Historical"
725,-0.401,"Historical"
726,-0.289,"Historical"
727,-0.238,"Historical"
728,-0.239,"Historical"
729,-0.439,"Historical"
730,-0.388,"Historical"
731,-0.639,"Historical"
732,-0.538,"Historical"
733,-0.645,"Historical"
734,-0.586,"Historical"
735,-0.665,"Historical"
736,-0.401,"Historical"
737,-0.512,"Historical"
738,-0.606,"Historical"
739,-0.421,"Historical"
740,-0.513,"Historical"
741,-0.472,"Historical"
742,-0.145,"Historical"
743,-0.235,"Historical"
744,-0.158,"Historical"
745,-0.136,"Historical"
746,0.01,"Historical"
747,-0.508,"Historical"
748,-0.121,"Historical"
749,-0.158,"Historical"
750,-0.143,"Historical"
751,-0.402,"Historical"
752,-0.652,"Historical"
753,-0.372,"Historical"
754,-0.679,"Historical"
755,-0.497,"Historical"
756,-0.474,"Historical"
757,-0.409,"Historical"
758,-0.704,"Historical"
759,-0.506,"Historical"
760,-0.396,"Historical"
761,-0.395,"Historical"
762,-0.396,"Historical"
763,-0.348,"Historical"
764,-0.325,"Historical"
765,-0.486,"Historical"
766,-0.312,"Historical"
767,-0.298,"Historical"
768,0.209,"Historical"
769,0.253,"Historical"
770,-0.048,"Historical"
771,-0.251,"Historical"
772,-0.202,"Historical"
773,-0.206,"Historical"
774,-0.137,"Historical"
775,-0.16,"Historical"
776,-0.117,"Historical"
777,-0.251,"Historical"
778,0.023,"Historical"
779,-0.089,"Historical"
780,-0.076,"Historical"
781,-0.127,"Historical"
782,0.067,"Historical"
783,0.101,"Historical"
784,0.166,"Historical"
785,0.128,"Historical"
786,0.008,"Historical"
787,0.113,"Historical"
788,-0.129,"Historical"
789,-0.141,"Historical"
790,-0.103,"Historical"
791,-0.023,"Historical"
792,-0.083,"Historical"
793,0.064,"Historical"
794,-0.158,"Historical"
795,-0.258,"Historical"
796,-0.221,"Historical"
797,-0.284,"Historical"
798,-0.274,"Historical"
799,-0.196,"Historical"
800,-0.176,"Historical"
801,-0.346,"Historical"
802,-0.375,"Historical"
803,-0.574,"Historical"
804,-0.753,"Historical"
805,-0.303,"Historical"
806,-0.639,"Historical"
807,-0.748,"Historical"
808,-0.417,"Historical"
809,-0.624,"Historical"
810,-0.449,"Historical"
811,-0.186,"Historical"
812,-0.277,"Historical"
813,-0.285,"Historical"
814,-0.491,"Historical"
815,-0.341,"Historical"
816,-0.76,"Historical"
817,-0.403,"Historical"
818,-0.544,"Historical"
819,-0.461,"Historical"
820,-0.406,"Historical"
821,-0.507,"Historical"
822,-0.454,"Historical"
823,-0.204,"Historical"
824,-0.343,"Historical"
825,-0.223,"Historical"
826,0.077,"Historical"
827,-0.271,"Historical"
828,-0.189,"Historical"
829,-0.155,"Historical"
830,-0.2,"Historical"
831,-0.267,"Historical"
832,0.061,"Historical"
833,-0.256,"Historical"
834,-0.292,"Historical"
835,-0.332,"Historical"
836,-0.481,"Historical"
837,-0.253,"Historical"
838,-0.23,"Historical"
839,-0.569,"Historical"
840,-0.441,"Historical"
841,-0.034,"Historical"
842,-0.301,"Historical"
843,-0.176,"Historical"
844,-0.299,"Historical"
845,-0.218,"Historical"
846,-0.181,"Historical"
847,-0.279,"Historical"
848,-0.106,"Historical"
849,-0.051,"Historical"
850,-0.299,"Historical"
851,-0.355,"Historical"
852,-0.336,"Historical"
853,0.088,"Historical"
854,-0.17,"Historical"
855,-0.239,"Historical"
856,-0.256,"Historical"
857,-0.253,"Historical"
858,-0.292,"Historical"
859,0.027,"Historical"
860,-0.047,"Historical"
861,-0.1,"Historical"
862,-0.001,"Historical"
863,-0.205,"Historical"
864,-0.127,"Historical"
865,-0.245,"Historical"
866,-0.315,"Historical"
867,-0.119,"Historical"
868,0.035,"Historical"
869,-0.38,"Historical"
870,-0.402,"Historical"
871,-0.283,"Historical"
872,-0.393,"Historical"
873,-0.315,"Historical"
874,-0.26,"Historical"
875,-0.154,"Historical"
876,-0.251,"Historical"
877,-0.141,"Historical"
878,-0.39,"Historical"
879,-0.326,"Historical"
880,-0.351,"Historical"
881,-0.209,"Historical"
882,-0.131,"Historical"
883,-0.313,"Historical"
884,-0.392,"Historical"
885,-0.139,"Historical"
886,0.112,"Historical"
887,0.034,"Historical"
888,0.262,"Historical"
889,-0.074,"Historical"
890,-0.021,"Historical"
891,0.057,"Historical"
892,-0.242,"Historical"
893,-0.204,"Historical"
894,-0.145,"Historical"
895,-0.203,"Historical"
896,-0.316,"Historical"
897,-0.144,"Historical"
898,-0.26,"Historical"
899,-0.127,"Historical"
900,-0.339,"Historical"
901,-0.417,"Historical"
902,-0.425,"Historical"
903,-0.225,"Historical"
904,-0.043,"Historical"
905,-0.108,"Historical"
906,-0.142,"Historical"
907,-0.32,"Historical"
908,-0.156,"Historical"
909,-0.116,"Historical"
910,-0.2,"Historical"
911,0.092,"Historical"
912,0.244,"Historical"
913,0.403,"Historical"
914,0.213,"Historical"
915,0.142,"Historical"
916,-0.081,"Historical"
917,-0.127,"Historical"
918,-0.256,"Historical"
919,-0.294,"Historical"
920,-0.165,"Historical"
921,0.017,"Historical"
922,0.129,"Historical"
923,0.017,"Historical"
924,-0.216,"Historical"
925,-0.242,"Historical"
926,-0.142,"Historical"
927,-0.282,"Historical"
928,-0.22,"Historical"
929,-0.177,"Historical"
930,-0.146,"Historical"
931,-0.149,"Historical"
932,0.028,"Historical"
933,0.011,"Historical"
934,0.19,"Historical"
935,0.096,"Historical"
936,-0.277,"Historical"
937,0.085,"Historical"
938,-0.049,"Historical"
939,-0.231,"Historical"
940,-0.156,"Historical"
941,-0.249,"Historical"
942,-0.214,"Historical"
943,-0.124,"Historical"
944,-0.096,"Historical"
945,0.005,"Historical"
946,0.04,"Historical"
947,-0.138,"Historical"
948,0.091,"Historical"
949,-0.298,"Historical"
950,-0.669,"Historical"
951,-0.303,"Historical"
952,-0.312,"Historical"
953,-0.471,"Historical"
954,-0.416,"Historical"
955,-0.325,"Historical"
956,-0.048,"Historical"
957,-0.103,"Historical"
958,0.024,"Historical"
959,-0.146,"Historical"
960,-0.667,"Historical"
961,-0.304,"Historical"
962,-0.212,"Historical"
963,0.048,"Historical"
964,-0.185,"Historical"
965,-0.137,"Historical"
966,-0.092,"Historical"
967,-0.033,"Historical"
968,0.058,"Historical"
969,-0.078,"Historical"
970,-0.002,"Historical"
971,0.235,"Historical"
972,0.066,"Historical"
973,-0.011,"Historical"
974,-0.335,"Historical"
975,-0.078,"Historical"
976,-0.248,"Historical"
977,-0.183,"Historical"
978,0.049,"Historical"
979,0.231,"Historical"
980,0.086,"Historical"
981,0.086,"Historical"
982,0.178,"Historical"
983,-0.019,"Historical"
984,0.021,"Historical"
985,0.352,"Historical"
986,-0.193,"Historical"
987,-0.206,"Historical"
988,0.205,"Historical"
989,0.007,"Historical"
990,-0.029,"Historical"
991,-0.039,"Historical"
992,-0.043,"Historical"
993,0.197,"Historical"
994,0.063,"Historical"
995,-0.391,"Historical"
996,-0.174,"Historical"
997,-0.261,"Historical"
998,-0.392,"Historical"
999,-0.355,"Historical"
1000,-0.214,"Historical"
1001,-0.159,"Historical"
1002,-0.273,"Historical"
1003,-0.278,"Historical"
1004,-0.088,"Historical"
1005,-0.341,"Historical"
1006,-0.088,"Historical"
1007,-0.345,"Historical"
1008,-0.456,"Historical"
1009,-0.241,"Historical"
1010,0.19,"Historical"
1011,-0.377,"Historical"
1012,-0.302,"Historical"
1013,-0.082,"Historical"
1014,-0.037,"Historical"
1015,0.045,"Historical"
1016,-0.153,"Historical"
1017,-0.054,"Historical"
1018,0.095,"Historical"
1019,0.139,"Historical"
1020,-0.049,"Historical"
1021,-0.353,"Historical"
1022,0.374,"Historical"
1023,-0.133,"Historical"
1024,-0.357,"Historical"
1025,-0.237,"Historical"
1026,-0.242,"Historical"
1027,0.038,"Historical"
1028,0.02,"Historical"
1029,0.117,"Historical"
1030,-0.033,"Historical"
1031,-0.453,"Historical"
1032,-0.153,"Historical"
1033,-0.382,"Historical"
1034,-0.383,"Historical"
1035,-0.112,"Historical"
1036,-0.254,"Historical"
1037,-0.055,"Historical"
1038,-0.088,"Historical"
1039,0.142,"Historical"
1040,0.154,"Historical"
1041,-0.022,"Historical"
1042,0.077,"Historical"
1043,-0.02,"Historical"
1044,-0.005,"Historical"
1045,-0.006,"Historical"
1046,0.085,"Historical"
1047,-0.225,"Historical"
1048,-0.152,"Historical"
1049,-0.084,"Historical"
1050,-0.006,"Historical"
1051,0.097,"Historical"
1052,0.308,"Historical"
1053,0.285,"Historical"
1054,0.327,"Historical"
1055,0.098,"Historical"
1056,-0.091,"Historical"
1057,0.222,"Historical"
1058,0.217,"Historical"
1059,0.261,"Historical"
1060,0.184,"Historical"
1061,-0.04,"Historical"
1062,-0.143,"Historical"
1063,0.064,"Historical"
1064,0.165,"Historical"
1065,0.238,"Historical"
1066,0.303,"Historical"
1067,0.146,"Historical"
1068,-0.217,"Historical"
1069,0.168,"Historical"
1070,0.001,"Historical"
1071,-0.218,"Historical"
1072,0.037,"Historical"
1073,0.071,"Historical"
1074,0.233,"Historical"
1075,0.083,"Historical"
1076,0.144,"Historical"
1077,0.018,"Historical"
1078,-0.065,"Historical"
1079,0.042,"Historical"
1080,0.662,"Historical"
1081,0.076,"Historical"
1082,0.274,"Historical"
1083,0.203,"Historical"
1084,0.351,"Historical"
1085,0.007,"Historical"
1086,0.003,"Historical"
1087,0.254,"Historical"
1088,-0.11,"Historical"
1089,0.095,"Historical"
1090,0.229,"Historical"
1091,-0.03,"Historical"
1092,0.213,"Historical"
1093,-0.024,"Historical"
1094,0.11,"Historical"
1095,0.012,"Historical"
1096,0.134,"Historical"
1097,0.056,"Historical"
1098,0.096,"Historical"
1099,0.271,"Historical"
1100,-0.016,"Historical"
1101,-0.048,"Historical"
1102,0.147,"Historical"
1103,0.048,"Historical"
1104,0.065,"Historical"
1105,0.35,"Historical"
1106,-0.036,"Historical"
1107,0.104,"Historical"
1108,0.117,"Historical"
1109,0.048,"Historical"
1110,0.244,"Historical"
1111,-0.19,"Historical"
1112,0.092,"Historical"
1113,0.111,"Historical"
1114,0.009,"Historical"
1115,0.095,"Historical"
1116,0.093,"Historical"
1117,-0.079,"Historical"
1118,0.163,"Historical"
1119,-0.033,"Historical"
1120,0.064,"Historical"
1121,-0.032,"Historical"
1122,-0.255,"Historical"
1123,0.034,"Historical"
1124,-0.001,"Historical"
1125,0.02,"Historical"
1126,0.377,"Historical"
1127,0.222,"Historical"
1128,0.31,"Historical"
1129,0.494,"Historical"
1130,0.366,"Historical"
1131,0.345,"Historical"
1132,0.189,"Historical"
1133,0.208,"Historical"
1134,0.086,"Historical"
1135,0.102,"Historical"
1136,0.319,"Historical"
1137,0.371,"Historical"
1138,0.363,"Historical"
1139,0.263,"Historical"
1140,0.126,"Historical"
1141,0.137,"Historical"
1142,-0.128,"Historical"
1143,0.037,"Historical"
1144,0.342,"Historical"
1145,-0.042,"Historical"
1146,0.081,"Historical"
1147,0.099,"Historical"
1148,0.475,"Historical"
1149,0.168,"Historical"
1150,0.252,"Historical"
1151,0.043,"Historical"
1152,-0.15,"Historical"
1153,0.123,"Historical"
1154,0.052,"Historical"
1155,-0.06,"Historical"
1156,0.113,"Historical"
1157,0.046,"Historical"
1158,-0.11,"Historical"
1159,-0.005,"Historical"
1160,-0.061,"Historical"
1161,-0.07,"Historical"
1162,0.003,"Historical"
1163,0.061,"Historical"
1164,-0.346,"Historical"
1165,-0.014,"Historical"
1166,0.048,"Historical"
1167,0.137,"Historical"
1168,0.042,"Historical"
1169,-0.121,"Historical"
1170,0.015,"Historical"
1171,0.13,"Historical"
1172,-0.073,"Historical"
1173,-0.122,"Historical"
1174,0.223,"Historical"
1175,-0.017,"Historical"
1176,-0.105,"Historical"
1177,0.182,"Historical"
1178,-0.091,"Historical"
1179,-0.278,"Historical"
1180,0.044,"Historical"
1181,0.202,"Historical"
1182,-0.025,"Historical"
1183,-0.005,"Historical"
1184,0.096,"Historical"
1185,0,"Historical"
1186,0.069,"Historical"
1187,-0.078,"Historical"
1188,-0.298,"Historical"
1189,0.239,"Historical"
1190,-0.235,"Historical"
1191,-0.113,"Historical"
1192,0.071,"Historical"
1193,-0.021,"Historical"
1194,-0.114,"Historical"
1195,-0.103,"Historical"
1196,-0.091,"Historical"
1197,-0.237,"Historical"
1198,0.102,"Historical"
1199,-0.134,"Historical"
1200,-0.09,"Historical"
1201,-0.306,"Historical"
1202,-0.4,"Historical"
1203,-0.141,"Historical"
1204,-0.193,"Historical"
1205,0.053,"Historical"
1206,0.018,"Historical"
1207,0.089,"Historical"
1208,-0.124,"Historical"
1209,-0.06,"Historical"
1210,-0.134,"Historical"
1211,-0.474,"Historical"
1212,-0.238,"Historical"
1213,-0.359,"Historical"
1214,-0.546,"Historical"
1215,-0.106,"Historical"
1216,-0.029,"Historical"
1217,0.042,"Historical"
1218,0.028,"Historical"
1219,0.013,"Historical"
1220,0.127,"Historical"
1221,0.167,"Historical"
1222,0.27,"Historical"
1223,0.021,"Historical"
1224,0.308,"Historical"
1225,0.254,"Historical"
1226,0.178,"Historical"
1227,-0.108,"Historical"
1228,0.122,"Historical"
1229,-0.018,"Historical"
1230,-0.021,"Historical"
1231,0.185,"Historical"
1232,0.206,"Historical"
1233,0.152,"Historical"
1234,0.03,"Historical"
1235,-0.168,"Historical"
1236,0.088,"Historical"
1237,0.149,"Historical"
1238,0.315,"Historical"
1239,0.283,"Historical"
1240,0.438,"Historical"
1241,0.239,"Historical"
1242,0.226,"Historical"
1243,0.087,"Historical"
1244,0.075,"Historical"
1245,0.125,"Historical"
1246,0.188,"Historical"
1247,-0.12,"Historical"
1248,0.178,"Historical"
1249,-0.247,"Historical"
1250,-0.09,"Historical"
1251,-0.144,"Historical"
1252,-0.229,"Historical"
1253,-0.217,"Historical"
1254,-0.001,"Historical"
1255,0.026,"Historical"
1256,-0.051,"Historical"
1257,-0.154,"Historical"
1258,0.155,"Historical"
1259,0.114,"Historical"
1260,-0.1,"Historical"
1261,0.357,"Historical"
1262,-0.195,"Historical"
1263,-0.393,"Historical"
1264,-0.217,"Historical"
1265,-0.187,"Historical"
1266,-0.133,"Historical"
1267,-0.131,"Historical"
1268,0.266,"Historical"
1269,-0.006,"Historical"
1270,0.133,"Historical"
1271,-0.269,"Historical"
1272,-0.302,"Historical"
1273,-0.1,"Historical"
1274,-0.287,"Historical"
1275,-0.325,"Historical"
1276,-0.247,"Historical"
1277,-0.341,"Historical"
1278,-0.157,"Historical"
1279,-0.035,"Historical"
1280,-0.304,"Historical"
1281,-0.249,"Historical"
1282,-0.258,"Historical"
1283,-0.268,"Historical"
1284,-0.051,"Historical"
1285,-0.118,"Historical"
1286,-0.148,"Historical"
1287,-0.175,"Historical"
1288,0.024,"Historical"
1289,0.088,"Historical"
1290,0.237,"Historical"
1291,-0.027,"Historical"
1292,0.18,"Historical"
1293,0.112,"Historical"
1294,0.133,"Historical"
1295,0.075,"Historical"
1296,0.31,"Historical"
1297,0.525,"Historical"
1298,0.301,"Historical"
1299,0.149,"Historical"
1300,0.062,"Historical"
1301,0.093,"Historical"
1302,-0.122,"Historical"
1303,0.08,"Historical"
1304,-0.11,"Historical"
1305,-0.179,"Historical"
1306,0.057,"Historical"
1307,0.025,"Historical"
1308,0.087,"Historical"
1309,0.16,"Historical"
1310,0.052,"Historical"
1311,0.265,"Historical"
1312,0.277,"Historical"
1313,0.06,"Historical"
1314,0.132,"Historical"
1315,0.119,"Historical"
1316,0.028,"Historical"
1317,-0.067,"Historical"
1318,-0.046,"Historical"
1319,-0.26,"Historical"
1320,-0.002,"Historical"
1321,-0.001,"Historical"
1322,0.243,"Historical"
1323,-0.566,"Historical"
1324,-0.205,"Historical"
1325,-0.204,"Historical"
1326,-0.011,"Historical"
1327,-0.094,"Historical"
1328,0.034,"Historical"
1329,0.033,"Historical"
1330,0.093,"Historical"
1331,-0.269,"Historical"
1332,0.281,"Historical"
1333,0.119,"Historical"
1334,0.229,"Historical"
1335,0.094,"Historical"
1336,0.194,"Historical"
1337,0.18,"Historical"
1338,0.176,"Historical"
1339,0.046,"Historical"
1340,0.08,"Historical"
1341,0.09,"Historical"
1342,-0.04,"Historical"
1343,-0.056,"Historical"
1344,-0.171,"Historical"
1345,0.092,"Historical"
1346,0.206,"Historical"
1347,0.152,"Historical"
1348,0.042,"Historical"
1349,-0.195,"Historical"
1350,-0.048,"Historical"
1351,-0.116,"Historical"
1352,-0.055,"Historical"
1353,-0.055,"Historical"
1354,0.026,"Historical"
1355,-0.032,"Historical"
1356,0.02,"Historical"
1357,0.022,"Historical"
1358,0.338,"Historical"
1359,-0.217,"Historical"
1360,-0.127,"Historical"
1361,-0.176,"Historical"
1362,0.031,"Historical"
1363,0.168,"Historical"
1364,0.375,"Historical"
1365,0.293,"Historical"
1366,0.294,"Historical"
1367,0.134,"Historical"
1368,0.006,"Historical"
1369,-0.053,"Historical"
1370,-0.168,"Historical"
1371,-0.396,"Historical"
1372,-0.397,"Historical"
1373,-0.299,"Historical"
1374,0.006,"Historical"
1375,0.015,"Historical"
1376,-0.161,"Historical"
1377,-0.374,"Historical"
1378,-0.354,"Historical"
1379,-0.255,"Historical"
1380,-0.296,"Historical"
1381,0.002,"Historical"
1382,-0.221,"Historical"
1383,-0.195,"Historical"
1384,-0.272,"Historical"
1385,-0.124,"Historical"
1386,-0.136,"Historical"
1387,-0.116,"Historical"
1388,-0.044,"Historical"
1389,-0.229,"Historical"
1390,0.066,"Historical"
1391,-0.191,"Historical"
1392,0.022,"Historical"
1393,-0.164,"Historical"
1394,-0.025,"Historical"
1395,0.004,"Historical"
1396,-0.126,"Historical"
1397,-0.116,"Historical"
1398,0.067,"Historical"
1399,0.219,"Historical"
1400,-0.062,"Historical"
1401,0.05,"Historical"
1402,-0.173,"Historical"
1403,-0.134,"Historical"
1404,-0.165,"Historical"
1405,-0.048,"Historical"
1406,-0.281,"Historical"
1407,-0.002,"Historical"
1408,-0.045,"Historical"
1409,0.192,"Historical"
1410,-0.078,"Historical"
1411,0.019,"Historical"
1412,-0.056,"Historical"
1413,0.012,"Historical"
1414,0.163,"Historical"
1415,-0.154,"Historical"
1416,0.025,"Historical"
1417,-0.27,"Historical"
1418,-0.13,"Historical"
1419,0.28,"Historical"
1420,-0.023,"Historical"
1421,-0.179,"Historical"
1422,-0.076,"Historical"
1423,-0.204,"Historical"
1424,-0.156,"Historical"
1425,-0.209,"Historical"
1426,0.104,"Historical"
1427,-0.155,"Historical"
1428,-0.214,"Historical"
1429,-0.28,"Historical"
1430,-0.332,"Historical"
1431,-0.099,"Historical"
1432,0.116,"Historical"
1433,0.14,"Historical"
1434,0.082,"Historical"
1435,-0.076,"Historical"
1436,0.001,"Historical"
1437,0.044,"Historical"
1438,0.086,"Historical"
1439,0.048,"Historical"
1440,0.284,"Historical"
1441,0.144,"Historical"
1442,0.22,"Historical"
1443,-0.041,"Historical"
1444,0.127,"Historical"
1445,-0.068,"Historical"
1446,-0.02,"Historical"
1447,-0.006,"Historical"
1448,-0.174,"Historical"
1449,0.142,"Historical"
1450,0.036,"Historical"
1451,-0.109,"Historical"
1452,-0.168,"Historical"
1453,0.067,"Historical"
1454,-0.278,"Historical"
1455,-0.256,"Historical"
1456,-0.104,"Historical"
1457,0.026,"Historical"
1458,-0.131,"Historical"
1459,-0.125,"Historical"
1460,-0.017,"Historical"
1461,0.027,"Historical"
1462,-0.01,"Historical"
1463,-0.048,"Historical"
1464,-0.055,"Historical"
1465,-0.41,"Historical"
1466,-0.355,"Historical"
1467,-0.027,"Historical"
1468,0.03,"Historical"
1469,-0.018,"Historical"
1470,0.157,"Historical"
1471,-0.016,"Historical"
1472,0.254,"Historical"
1473,-0.003,"Historical"
1474,0.043,"Historical"
1475,-0.181,"Historical"
1476,0.174,"Historical"
1477,0.286,"Historical"
1478,0.313,"Historical"
1479,0.225,"Historical"
1480,0.361,"Historical"
1481,0.322,"Historical"
1482,0.357,"Historical"
1483,0.171,"Historical"
1484,0.106,"Historical"
1485,0.101,"Historical"
1486,0.127,"Historical"
1487,0.012,"Historical"
1488,0.069,"Historical"
1489,-0.263,"Historical"
1490,-0.464,"Historical"
1491,-0.212,"Historical"
1492,-0.107,"Historical"
1493,-0.056,"Historical"
1494,0.042,"Historical"
1495,-0.003,"Historical"
1496,0.189,"Historical"
1497,-0.141,"Historical"
1498,-0.1,"Historical"
1499,-0.17,"Historical"
1500,-0.116,"Historical"
1501,0.173,"Historical"
1502,0.119,"Historical"
1503,0.198,"Historical"
1504,0.147,"Historical"
1505,0.276,"Historical"
1506,0.118,"Historical"
1507,0.044,"Historical"
1508,-0.16,"Historical"
1509,0.056,"Historical"
1510,-0.083,"Historical"
1511,-0.254,"Historical"
1512,-0.101,"Historical"
1513,0.043,"Historical"
1514,-0.183,"Historical"
1515,-0.416,"Historical"
1516,-0.087,"Historical"
1517,-0.364,"Historical"
1518,-0.153,"Historical"
1519,-0.06,"Historical"
1520,-0.158,"Historical"
1521,-0.029,"Historical"
1522,-0.39,"Historical"
1523,-0.185,"Historical"
1524,0.124,"Historical"
1525,0.16,"Historical"
1526,0.217,"Historical"
1527,0.26,"Historical"
1528,0.336,"Historical"
1529,0.399,"Historical"
1530,0.375,"Historical"
1531,0.337,"Historical"
1532,0.314,"Historical"
1533,-0.004,"Historical"
1534,0.057,"Historical"
1535,0.192,"Historical"
1536,0.056,"Historical"
1537,0.082,"Historical"
1538,0.182,"Historical"
1539,0.188,"Historical"
1540,0.195,"Historical"
1541,0.117,"Historical"
1542,-0.032,"Historical"
1543,0.126,"Historical"
1544,-0.281,"Historical"
1545,0.052,"Historical"
1546,0.043,"Historical"
1547,0.14,"Historical"
1548,0.108,"Historical"
1549,0.096,"Historical"
1550,-0.176,"Historical"
1551,0.122,"Historical"
1552,0.098,"Historical"
1553,0.021,"Historical"
1554,0.051,"Historical"
1555,-0.015,"Historical"
1556,0.179,"Historical"
1557,0.226,"Historical"
1558,0.266,"Historical"
1559,0.19,"Historical"
1560,0.663,"Historical"
1561,0.375,"Historical"
1562,0.455,"Historical"
1563,0.245,"Historical"
1564,0.48,"Historical"
1565,0.397,"Historical"
1566,0.213,"Historical"
1567,0.411,"Historical"
1568,0.369,"Historical"
1569,0.269,"Historical"
1570,0.193,"Historical"
1571,0.349,"Historical"
1572,0.264,"Historical"
1573,0.755,"Historical"
1574,0.543,"Historical"
1575,0.549,"Historical"
1576,0.35,"Historical"
1577,0.233,"Historical"
1578,0.366,"Historical"
1579,0.414,"Historical"
1580,0.572,"Historical"
1581,0.245,"Historical"
1582,0.174,"Historical"
1583,0.18,"Historical"
1584,0.588,"Historical"
1585,0.067,"Historical"
1586,0.094,"Historical"
1587,-0.25,"Historical"
1588,0.056,"Historical"
1589,0.128,"Historical"
1590,0.073,"Historical"
1591,0.247,"Historical"
1592,0.079,"Historical"
1593,0.151,"Historical"
1594,0.142,"Historical"
1595,0.022,"Historical"
1596,0.507,"Historical"
1597,0.583,"Historical"
1598,0.503,"Historical"
1599,0.329,"Historical"
1600,0.3,"Historical"
1601,0.397,"Historical"
1602,0.237,"Historical"
1603,0.211,"Historical"
1604,0.406,"Historical"
1605,0.509,"Historical"
1606,0.2,"Historical"
1607,0.396,"Historical"
1608,0.155,"Historical"
1609,0.28,"Historical"
1610,0.016,"Historical"
1611,0.28,"Historical"
1612,0.125,"Historical"
1613,0.464,"Historical"
1614,0.013,"Historical"
1615,0.13,"Historical"
1616,0.187,"Historical"
1617,0.179,"Historical"
1618,0.126,"Historical"
1619,-0.137,"Historical"
1620,-0.188,"Historical"
1621,0.333,"Historical"
1622,-0.194,"Historical"
1623,0.137,"Historical"
1624,0.195,"Historical"
1625,0.214,"Historical"
1626,0.232,"Historical"
1627,-0.064,"Historical"
1628,0.214,"Historical"
1629,0.094,"Historical"
1630,0.139,"Historical"
1631,-0.066,"Historical"
1632,0.144,"Historical"
1633,0.355,"Historical"
1634,0.532,"Historical"
1635,0.304,"Historical"
1636,0.319,"Historical"
1637,0.299,"Historical"
1638,0.114,"Historical"
1639,0.151,"Historical"
1640,0.193,"Historical"
1641,0.041,"Historical"
1642,0.119,"Historical"
1643,-0.024,"Historical"
1644,0.152,"Historical"
1645,0.421,"Historical"
1646,0.551,"Historical"
1647,0.069,"Historical"
1648,0.218,"Historical"
1649,0.239,"Historical"
1650,0.434,"Historical"
1651,0.562,"Historical"
1652,0.268,"Historical"
1653,0.409,"Historical"
1654,0.312,"Historical"
1655,0.086,"Historical"
1656,0.608,"Historical"
1657,0.625,"Historical"
1658,0.313,"Historical"
1659,0.453,"Historical"
1660,0.525,"Historical"
1661,0.454,"Historical"
1662,0.54,"Historical"
1663,0.4,"Historical"
1664,0.511,"Historical"
1665,0.486,"Historical"
1666,0.449,"Historical"
1667,0.104,"Historical"
1668,0.422,"Historical"
1669,0.042,"Historical"
1670,0.316,"Historical"
1671,0.28,"Historical"
1672,0.294,"Historical"
1673,0.056,"Historical"
1674,0.162,"Historical"
1675,0.345,"Historical"
1676,0.352,"Historical"
1677,0.387,"Historical"
1678,0.385,"Historical"
1679,0.096,"Historical"
1680,0.55,"Historical"
1681,0.463,"Historical"
1682,0.376,"Historical"
1683,0.912,"Historical"
1684,0.691,"Historical"
1685,0.543,"Historical"
1686,0.411,"Historical"
1687,0.514,"Historical"
1688,0.368,"Historical"
1689,0.271,"Historical"
1690,0.479,"Historical"
1691,0.459,"Historical"
1692,0.527,"Historical"
1693,0.439,"Historical"
1694,0.606,"Historical"
1695,0.272,"Historical"
1696,0.639,"Historical"
1697,0.377,"Historical"
1698,0.679,"Historical"
1699,0.639,"Historical"
1700,0.537,"Historical"
1701,0.525,"Historical"
1702,0.433,"Historical"
1703,0.306,"Historical"
1704,0.374,"Historical"
1705,0.636,"Historical"
1706,0.508,"Historical"
1707,0.451,"Historical"
1708,0.267,"Historical"
1709,0.291,"Historical"
1710,0.295,"Historical"
1711,0.104,"Historical"
1712,0.105,"Historical"
1713,-0.095,"Historical"
1714,0.11,"Historical"
1715,-0.111,"Historical"
1716,0.257,"Historical"
1717,0.476,"Historical"
1718,0.485,"Historical"
1719,0.402,"Historical"
1720,0.314,"Historical"
1721,0.292,"Historical"
1722,0.3,"Historical"
1723,0.301,"Historical"
1724,0.244,"Historical"
1725,0.135,"Historical"
1726,0.317,"Historical"
1727,-0.115,"Historical"
1728,0.224,"Historical"
1729,0.293,"Historical"
1730,-0.08,"Historical"
1731,0.336,"Historical"
1732,0.49,"Historical"
1733,0.376,"Historical"
1734,0.547,"Historical"
1735,0.357,"Historical"
1736,0.225,"Historical"
1737,0.476,"Historical"
1738,0.531,"Historical"
1739,0.459,"Historical"
1740,0.348,"Historical"
1741,0.64,"Historical"
1742,0.941,"Historical"
1743,0.506,"Historical"
1744,0.554,"Historical"
1745,0.314,"Historical"
1746,0.63,"Historical"
1747,0.664,"Historical"
1748,0.649,"Historical"
1749,0.451,"Historical"
1750,0.592,"Historical"
1751,0.486,"Historical"
1752,0.349,"Historical"
1753,0.286,"Historical"
1754,0.624,"Historical"
1755,0.312,"Historical"
1756,0.358,"Historical"
1757,0.268,"Historical"
1758,0.257,"Historical"
1759,0.478,"Historical"
1760,0.661,"Historical"
1761,0.326,"Historical"
1762,0.19,"Historical"
1763,0.38,"Historical"
1764,0.484,"Historical"
1765,0.375,"Historical"
1766,0.415,"Historical"
1767,0.521,"Historical"
1768,0.471,"Historical"
1769,0.343,"Historical"
1770,0.666,"Historical"
1771,0.354,"Historical"
1772,0.448,"Historical"
1773,0.612,"Historical"
1774,0.713,"Historical"
1775,0.645,"Historical"
1776,0.652,"Historical"
1777,0.627,"Historical"
1778,1.043,"Historical"
1779,0.541,"Historical"
1780,0.794,"Historical"
1781,0.789,"Historical"
1782,0.851,"Historical"
1783,0.841,"Historical"
1784,0.889,"Historical"
1785,0.499,"Historical"
1786,0.478,"Historical"
1787,0.335,"Historical"
1788,0.677,"Historical"
1789,0.577,"Historical"
1790,0.857,"Historical"
1791,0.263,"Historical"
1792,0.387,"Historical"
1793,0.317,"Historical"
1794,0.518,"Historical"
1795,0.46,"Historical"
1796,0.44,"Historical"
1797,0.521,"Historical"
1798,0.479,"Historical"
1799,0.345,"Historical"
1800,0.576,"Historical"
1801,0.305,"Historical"
1802,0.611,"Historical"
1803,0.573,"Historical"
1804,0.757,"Historical"
1805,0.401,"Historical"
1806,0.462,"Historical"
1807,0.418,"Historical"
1808,0.542,"Historical"
1809,0.524,"Historical"
1810,0.26,"Historical"
1811,0.228,"Historical"
1812,0.226,"Historical"
1813,0.516,"Historical"
1814,0.429,"Historical"
1815,0.638,"Historical"
1816,0.657,"Historical"
1817,0.708,"Historical"
1818,0.587,"Historical"
1819,0.682,"Historical"
1820,0.596,"Historical"
1821,0.614,"Historical"
1822,0.548,"Historical"
1823,0.813,"Historical"
1824,0.691,"Historical"
1825,0.923,"Historical"
1826,0.892,"Historical"
1827,0.996,"Historical"
1828,0.663,"Historical"
1829,0.746,"Historical"
1830,0.652,"Historical"
1831,0.777,"Historical"
1832,0.675,"Historical"
1833,0.75,"Historical"
1834,0.623,"Historical"
1835,0.614,"Historical"
1836,0.454,"Historical"
1837,0.935,"Historical"
1838,0.643,"Historical"
1839,0.57,"Historical"
1840,0.62,"Historical"
1841,0.662,"Historical"
1842,0.525,"Historical"
1843,0.624,"Historical"
1844,0.794,"Historical"
1845,0.798,"Historical"
1846,0.873,"Historical"
1847,0.49,"Historical"
1848,0.97,"Historical"
1849,0.722,"Historical"
1850,0.878,"Historical"
1851,0.71,"Historical"
1852,0.699,"Historical"
1853,0.323,"Historical"
1854,0.445,"Historical"
1855,0.237,"Historical"
1856,0.48,"Historical"
1857,0.617,"Historical"
1858,0.718,"Historical"
1859,0.78,"Historical"
1860,0.502,"Historical"
1861,0.862,"Historical"
1862,0.618,"Historical"
1863,0.84,"Historical"
1864,0.882,"Historical"
1865,0.715,"Historical"
1866,0.821,"Historical"
1867,0.724,"Historical"
1868,0.723,"Historical"
1869,0.877,"Historical"
1870,0.953,"Historical"
1871,0.884,"Historical"
1872,0.822,"Historical"
1873,0.598,"Historical"
1874,0.871,"Historical"
1875,0.701,"Historical"
1876,0.551,"Historical"
1877,0.498,"Historical"
1878,0.775,"Historical"
1879,0.595,"Historical"
1880,0.83,"Historical"
1881,0.734,"Historical"
1882,0.775,"Historical"
1883,0.643,"Historical"
1884,0.934,"Historical"
1885,1.234,"Historical"
1886,0.761,"Historical"
1887,0.744,"Historical"
1888,0.986,"Historical"
1889,0.817,"Historical"
1890,0.719,"Historical"
1891,0.71,"Historical"
1892,0.681,"Historical"
1893,0.621,"Historical"
1894,0.749,"Historical"
1895,0.638,"Historical"
1896,0.549,"Historical"
1897,0.216,"Historical"
1898,0.293,"Historical"
1899,0.873,"Historical"
1900,0.674,"Historical"
1901,0.593,"Historical"
1902,0.517,"Historical"
1903,0.672,"Historical"
1904,0.568,"Historical"
1905,0.645,"Historical"
1906,0.794,"Historical"
1907,0.744,"Historical"
1908,0.604,"Historical"
1909,0.785,"Historical"
1910,0.623,"Historical"
1911,0.512,"Historical"
1912,0.644,"Historical"
1913,0.692,"Historical"
1914,0.743,"Historical"
1915,0.829,"Historical"
1916,0.779,"Historical"
1917,0.847,"Historical"
1918,0.753,"Historical"
1919,0.762,"Historical"
1920,0.668,"Historical"
1921,0.898,"Historical"
1922,0.907,"Historical"
1923,0.986,"Historical"
1924,1.026,"Historical"
1925,0.837,"Historical"
1926,0.722,"Historical"
1927,0.698,"Historical"
1928,0.773,"Historical"
1929,0.739,"Historical"
1930,0.855,"Historical"
1931,0.901,"Historical"
1932,0.573,"Historical"
1933,0.592,"Historical"
1934,0.527,"Historical"
1935,0.643,"Historical"
1936,0.78,"Historical"
1937,0.556,"Historical"
1938,0.725,"Historical"
1939,0.879,"Historical"
1940,0.905,"Historical"
1941,0.661,"Historical"
1942,0.776,"Historical"
1943,0.497,"Historical"
1944,0.674,"Historical"
1945,0.446,"Historical"
1946,0.445,"Historical"
1947,0.475,"Historical"
1948,0.858,"Historical"
1949,0.886,"Historical"
1950,0.841,"Historical"
1951,0.649,"Historical"
1952,0.805,"Historical"
1953,0.825,"Historical"
1954,0.928,"Historical"
1955,0.773,"Historical"
1956,0.471,"Historical"
1957,0.789,"Historical"
1958,0.637,"Historical"
1959,0.615,"Historical"
1960,0.584,"Historical"
1961,0.708,"Historical"
1962,0.807,"Historical"
1963,0.65,"Historical"
1964,0.812,"Historical"
1965,0.892,"Historical"
1966,0.751,"Historical"
1967,0.91,"Historical"
1968,0.783,"Historical"
1969,0.852,"Historical"
1970,0.432,"Historical"
1971,0.807,"Historical"
1972,0.895,"Historical"
1973,0.898,"Historical"
1974,0.698,"Historical"
1975,0.587,"Historical"
1976,0.947,"Historical"
1977,0.937,"Historical"
1978,0.886,"Historical"
1979,0.586,"Historical"
1980,0.898,"Historical"
1981,0.955,"Historical"
1982,0.992,"Historical"
1983,0.977,"Historical"
1984,0.844,"Historical"
1985,0.86,"Historical"
1986,0.885,"Historical"
1987,0.797,"Historical"
1988,0.919,"Historical"
1989,0.941,"Historical"
1990,1.197,"Historical"
1991,1.035,"Historical"
1992,1.32,"Historical"
1993,1.289,"Historical"
1994,1.499,"Historical"
1995,1.475,"Historical"
1996,1.286,"Historical"
1997,1.104,"Historical"
1998,0.873,"Historical"
1999,0.931,"Historical"
2000,1.193,"Historical"
2001,0.984,"Historical"
2002,0.924,"Historical"
2003,0.93,"Historical"
2004,0.974,"Historical"
2005,1.169,"Historical"
2006,1.265,"Historical"
2007,1.303,"Historical"
2008,1.001,"Historical"
2009,1.024,"Historical"
2010,0.75,"Historical"
2011,0.853,"Historical"
2012,0.975,"Historical"
2013,0.864,"Historical"
2014,1.017,"Historical"
2015,0.816,"Historical"
2016,1.045,"Historical"
2017,0.879,"Historical"
2018,0.881,"Historical"
2019,0.942,"Historical"
2020,0.988,"Historical"
2021,0.892,"Historical"
2022,0.897,"Historical"
2023,0.903,"Historical"
2024,0.917,"Historical"
2025,0.818,"Historical"
2026,1.057,"Historical"
2027,0.735,"Historical"
2028,0.99,"Historical"
2029,0,"Predicted"
2030,0,"Predicted"
2031,0,"Predicted"
2032,0,"Predicted"
2033,0,"Predicted"
2034,0,"Predicted"
2035,0,"Predicted"
2036,0,"Predicted"
2037,0,"Predicted"
2038,0,"Predicted"
2039,0,"Predicted"
2040,0,"Predicted"
2041,0,"Predicted"
2042,0,"Predicted"
2043,0,"Predicted"
2044,0,"Predicted"
2045,0,"Predicted"
2046,0,"Predicted"
2047,0,"Predicted"
2048,0,"Predicted"
2049,0,"Predicted"
2050,0,"Predicted"
2051,0,"Predicted"
2052,0,"Predicted"
2053,0,"Predicted"
2054,0,"Predicted"
2055,0,"Predicted"
2056,0,"Predicted"
2057,0,"Predicted"
2058,0,"Predicted"
2059,0,"Predicted"
2060,0,"Predicted"
2061,0,"Predicted"
2062,0,"Predicted"
2063,0,"Predicted"
2064,0,"Predicted"
2065,0,"Predicted"
2066,0,"Predicted"
2067,0,"Predicted"
2068,0,"Predicted"
2069,0,"Predicted"
2070,0,"Predicted"
2071,0,"Predicted"
2072,0,"Predicted"
2073,0,"Predicted"
2074,0,"Predicted"
2075,0,"Predicted"
2076,0,"Predicted"
2077,0,"Predicted"
